first_name,last_name,date_of_birth,fee,joined_on,matriculation
Haze,Pirie,1999-08-22,$1011.06,2022-06-01,true
Pasquale,Twelve,2001-07-22,$2063.16,2004-03-07,false
Salvador,Kuhl,2001-10-30,$3033.19,2017-08-07,true
Hill,Kilcullen,2000-05-03,$3464.73,2015-12-16,false
Ogden,Klimkov,2000-09-26,$1310.14,2009-04-12,false
Adara,Saltmarshe,2000-03-01,$3449.92,2013-01-31,false
Rey,Saxby,1999-09-01,$3224.90,2021-01-19,false
Jephthah,Lutsch,2000-07-08,$3900.53,2004-06-12,false
Boyce,Collelton,2001-08-26,$2907.06,2023-01-05,false
Alfred,Burghall,1999-06-09,$3976.75,2010-12-12,false
Olivier,Mary,1999-08-06,$2496.61,2011-06-21,true
Darin,Koop,1998-08-15,$862.16,2011-02-04,false
Curr,Patershall,2000-04-06,$765.32,2022-07-21,false
Fania,Richens,2000-02-07,$504.32,2015-05-03,true
Ronnie,Zielinski,2001-05-05,$3783.62,2004-05-20,false
Humfrey,Latchmore,1999-07-24,$866.59,2014-03-18,true
Shaw,Doding,2000-07-08,$2230.08,2018-05-22,true
Dick,Dumphy,1999-03-07,$3425.76,2004-02-14,false
Judd,Sircombe,2001-07-18,$2917.88,2015-02-28,true
Bord,Roll,2002-02-28,$3218.02,2012-06-13,true
Gilberte,Isenor,2000-09-23,$3577.97,2018-03-04,false
Marice,Novelli,2001-05-22,$2695.98,2016-06-13,true
Donny,Arnowicz,2002-01-30,$1006.23,2009-08-10,true
Odilia,Fletcher,1998-07-13,$3268.10,2010-02-01,true
Lauri,Banasiak,2001-12-22,$3311.67,2010-02-18,true
Adrian,O'Heagertie,1998-12-17,$1876.47,2011-09-01,false
Ddene,McKernan,2001-11-03,$2515.72,2009-06-05,true
Dollie,Eastop,1998-07-16,$1791.87,2011-06-25,false
Becki,Gorges,2000-04-08,$1685.93,2004-04-30,true
Kennan,Habble,2001-12-15,$2071.66,2020-06-26,false
Cindie,Friedank,1998-12-05,$1536.45,2011-01-18,true
Dolores,de Nore,1999-05-21,$2249.40,2018-04-27,true
Lissie,Ferreres,2000-07-15,$3745.65,2011-04-14,false
Rutherford,Chappelle,2001-09-25,$3991.60,2013-06-05,false
Thorn,Parsonage,1998-10-19,$1196.40,2019-12-12,true
Shae,Olner,2000-07-11,$2544.61,2018-09-09,true
Alvira,Cumo,1998-08-09,$1198.45,2013-06-12,true
Cymbre,Kiellor,2001-02-23,$3022.75,2021-10-17,false
Kimble,Mayou,2001-12-11,$3014.66,2002-05-15,true
Kamila,Ferrone,1999-11-01,$3889.07,2012-06-24,false
Melisenda,Peinton,2000-05-25,$3578.81,2022-01-15,false
Coletta,Shwenn,2000-05-22,$647.85,2009-03-01,true
Barnie,Le Lievre,1999-11-27,$2009.36,2011-03-08,false
Janis,Lintott,1998-11-05,$649.80,2002-11-22,false
Willem,Pennacci,1998-04-26,$1731.17,2014-04-07,true
Manolo,Conan,2001-03-15,$3000.99,2007-10-31,false
Leigh,Daskiewicz,2001-06-28,$2980.24,2006-03-31,false
Guenna,Shawcross,2001-04-01,$1768.25,2009-05-29,false
Zonda,Sturney,1999-04-13,$3007.30,2019-09-16,false
Shalna,Szimon,2001-03-26,$3999.70,2022-11-14,false
Galvan,Hearson,1999-01-16,$1072.32,2015-03-21,true
Shaw,Najera,1999-06-01,$567.52,2007-01-27,true
Bernarr,Eley,2001-02-16,$3549.66,2020-04-17,false
Hamid,Gerritzen,1999-04-19,$1892.82,2019-03-14,true
Cecil,Loveman,2000-05-05,$1430.40,2006-05-02,false
Erwin,Greenset,1998-11-22,$1330.24,2017-06-24,false
Arnie,Kears,2000-12-25,$2784.05,2005-09-21,true
Kirsten,Slide,1999-03-07,$2502.47,2008-01-04,false
Jan,Prentice,1999-01-13,$2054.91,2014-09-25,true
Sybilla,Glaysher,1998-06-22,$894.87,2015-02-21,false
Izak,Britzius,2002-02-11,$3780.00,2021-12-15,false
Cull,Gorioli,2001-11-18,$1250.32,2013-11-10,false
Paddy,Simonitto,1999-03-20,$569.71,2005-12-25,false
Mozes,Janes,2000-03-07,$1457.02,2011-07-31,true
Jonah,Bourtoumieux,1999-04-12,$2109.07,2012-01-01,false
Ronnie,Everest,1998-10-05,$1330.11,2010-03-05,false
Brit,Tear,1998-11-11,$861.78,2021-01-01,true
Jeanna,Neiland,2001-05-15,$2061.33,2017-05-12,false
Bil,Syres,1999-03-28,$2268.06,2011-02-07,false
Augustine,Inglesant,2002-01-05,$1517.75,2018-05-08,false
Corbie,Jell,1998-04-30,$3788.84,2015-07-02,false
Ibrahim,Ick,1999-04-11,$1560.91,2012-03-02,true
Willie,Drakes,2000-09-09,$1529.50,2015-08-15,true
Sisile,L'Hommeau,1999-01-23,$2472.06,2008-03-14,true
Renie,Tigwell,2000-05-25,$588.72,2016-11-23,true
David,Harwood,1998-07-20,$1393.87,2011-02-24,false
Maybelle,McDermid,2002-01-28,$3410.19,2012-07-18,true
Margaretha,Gilks,1998-07-30,$3865.93,2017-02-04,true
Janaya,Evennett,2001-07-31,$919.26,2013-12-13,false
Kayle,Hawkslee,1998-04-24,$1346.03,2010-11-12,false
Theodore,Foote,2001-09-25,$1126.97,2004-10-02,false
Sonnie,Janik,1999-08-22,$1141.45,2002-07-13,false
Dedie,Babidge,1999-10-28,$2784.89,2016-04-10,false
Jobyna,Tubritt,2001-09-27,$3408.18,2020-12-27,false
Miran,Wincott,2001-04-04,$2932.96,2006-12-16,false
Tiphani,Brunelleschi,1998-05-24,$1788.16,2015-03-26,false
Randi,Grinikhinov,1998-03-30,$3427.86,2021-03-31,false
Farleigh,Vallentine,2000-07-29,$1136.29,2002-09-26,true
Ravi,Skirrow,1999-02-26,$1911.57,2019-05-15,false
Lorry,Ottiwill,1999-04-05,$2116.79,2007-06-22,false
Wilburt,Ewings,1998-07-25,$548.15,2022-02-25,true
Minda,Lethem,2000-09-24,$2103.19,2023-01-02,false
Florri,Karolewski,2000-07-22,$1670.24,2016-12-19,true
Melonie,Grissett,1999-10-16,$2577.39,2002-11-04,true
Woodman,Shapero,2000-12-16,$1437.61,2002-11-18,false
Burnaby,Bulmer,2001-12-28,$759.21,2002-03-22,true
Val,Olliffe,2001-07-03,$1980.26,2006-10-22,true
Thebault,Winterburn,2001-08-04,$1359.45,2008-04-06,false
Brita,Houlson,2000-09-19,$2677.35,2012-05-18,false
Josh,Opdenorth,2002-02-06,$1096.17,2008-08-17,true
Timothea,Odhams,2000-08-29,$1017.14,2011-02-24,true
Markus,Gallico,2001-03-20,$3643.15,2006-11-04,true
Pietrek,Lufkin,2001-01-06,$3596.53,2005-10-11,false
Dorette,Baumert,2001-04-29,$730.79,2015-06-26,true
Ida,Mayworth,2000-03-18,$2707.02,2020-11-13,false
Rutherford,Breen,2001-08-25,$2548.18,2012-02-13,false
Cristobal,Maguire,1998-10-09,$2307.32,2017-05-11,false
Sondra,Mathieson,1999-05-30,$1225.21,2002-10-10,true
Quintana,Chason,1999-10-03,$3786.65,2012-03-31,false
Romona,Kenwood,2001-03-06,$2588.11,2003-10-20,false
Bernadette,Kimbley,2000-03-13,$1665.81,2004-11-28,true
Damian,Kershow,2000-10-03,$977.72,2009-10-10,true
Blayne,McLaggan,1999-05-01,$3218.12,2021-07-19,true
Link,Sisey,1998-12-22,$1924.06,2013-05-29,false
Giselle,Harnett,2001-09-12,$2464.31,2018-12-22,false
Brandais,Tureville,1998-12-08,$566.90,2019-11-10,true
Graham,Kabsch,1998-05-14,$2057.12,2011-10-25,true
Genia,Himsworth,1999-08-21,$2210.12,2011-07-01,false
Christen,Birchner,1999-12-11,$2121.07,2012-01-17,false
Analiese,Muggeridge,1998-05-18,$2044.79,2018-08-21,true
Leone,Chmiel,1998-07-23,$868.40,2004-10-12,false
Lynsey,Firminger,1999-02-21,$1456.50,2020-07-20,false
Elizabeth,Pregal,1999-09-23,$3132.74,2019-08-01,false
Hillel,Lally,2001-09-02,$2780.23,2022-01-09,true
Nissie,Chetham,2002-03-04,$3978.88,2019-05-26,false
Tracey,Fendlen,2002-01-19,$3485.99,2003-03-25,true
Adelheid,Bever,2002-01-28,$1011.01,2014-12-04,true
Sofia,Petican,1998-11-17,$3099.89,2007-04-22,true
Virgie,Frugier,1999-08-24,$3729.84,2022-09-22,false
Shem,Flasby,2001-12-23,$3740.36,2022-01-09,true
Tom,Snartt,2000-09-11,$2213.80,2009-05-25,true
Lief,Smithson,1999-10-06,$2150.25,2007-04-21,true
Lavina,Aysik,1998-07-06,$1553.96,2007-09-26,true
Leah,Taylorson,2001-09-23,$1558.25,2013-06-13,true
Paxton,Compston,2000-12-29,$3195.19,2018-01-05,true
Mathilda,Menhci,2000-06-21,$1269.18,2013-01-18,false
Isaak,Brekonridge,2001-03-27,$3187.43,2017-05-21,true
Maia,Doctor,2001-03-21,$1617.91,2014-09-09,false
Laural,Hayhow,1999-06-05,$1857.92,2007-03-13,false
Gar,Fells,1998-05-28,$3208.83,2013-06-15,false
Ariel,Whopples,2002-02-19,$3697.61,2022-06-14,true
Carmelina,Le Estut,2001-10-31,$3404.47,2007-10-31,true
Perrine,Pavitt,1998-11-26,$2200.24,2005-04-03,true
Riki,Sherwen,1999-05-13,$1404.96,2019-07-24,true
Boigie,Bauman,2000-05-22,$1645.60,2003-11-22,false
Venus,Arndt,2002-02-23,$1747.85,2005-03-31,true
Skylar,Hindshaw,1998-08-08,$747.61,2012-02-05,false
Broddy,Keuneke,2001-04-21,$1263.04,2012-06-25,false
Alf,MacTrustey,1998-12-29,$881.26,2006-06-14,false
Lauralee,Habbin,1999-09-10,$2492.43,2020-09-29,false
Marilyn,Januszewski,1998-07-02,$917.57,2019-11-12,false
Nikki,Stockoe,2002-03-07,$1249.50,2003-05-07,false
Agnola,Kurton,1998-10-12,$2412.16,2014-03-19,true
Cleve,Peek,2002-02-12,$2105.98,2007-02-10,false
Consuelo,Mechell,2001-12-09,$2431.90,2007-07-10,true
Goldina,Spittall,1998-04-13,$1375.47,2020-09-25,true
Stevana,Wakley,1998-11-12,$794.02,2020-01-21,false
Demott,Harnetty,1999-04-07,$2677.59,2019-03-12,false
Huntlee,Weale,1999-10-24,$2088.57,2002-06-13,false
Alaster,Calcraft,2002-03-14,$3647.63,2011-02-02,false
Tamarah,Kuzemka,1998-03-17,$507.49,2008-02-21,false
Giana,Hardwin,2000-03-24,$3220.82,2021-12-05,true
Kenny,Backsal,1998-12-26,$3068.64,2007-12-17,true
Nessa,Knibley,2002-02-01,$2316.01,2015-06-15,true
Marge,Gavigan,2000-03-08,$1992.05,2009-04-15,false
Daron,Barwack,1998-04-17,$3494.39,2010-08-23,true
Wakefield,Skehens,1999-02-12,$1443.24,2003-10-16,true
Paulita,Colleer,1998-11-12,$3966.89,2012-06-05,true
Clio,Chittleburgh,2000-12-29,$3228.48,2015-02-01,false
Cari,Windress,2000-04-27,$3565.76,2014-12-17,false
Morten,Bellwood,2001-03-20,$898.46,2006-04-30,true
Revkah,Berzin,2001-01-21,$535.12,2013-02-09,false
Ephrayim,Schroter,1999-09-30,$2502.32,2014-08-24,true
Sunny,Yurlov,1999-10-28,$3155.08,2005-06-09,true
Amber,Jasik,2001-07-13,$1500.05,2016-01-28,true
Phil,Gosforth,1999-02-27,$3292.71,2018-10-12,false
Cristal,Twelves,1999-01-19,$2109.54,2021-07-08,true
Carla,Gilardengo,2000-07-05,$2008.61,2009-01-06,false
Alvie,Foulis,1999-04-20,$2938.66,2003-01-29,true
Tracey,Yeude,2000-01-21,$2829.49,2010-05-04,true
Katusha,Francesch,1999-04-28,$1946.38,2004-10-14,false
Eamon,Charrette,2002-01-12,$508.76,2019-05-07,true
Deloris,Ivanyukov,2001-06-01,$726.38,2019-02-07,false
Marietta,Elkington,1999-09-29,$528.47,2003-08-11,false
Marlane,Cyples,2001-12-08,$2292.05,2019-10-21,true
Margy,Eardley,2000-04-18,$1836.18,2003-09-13,true
Hymie,Clayborn,2000-04-09,$3670.22,2015-06-10,false
Cobby,Whimper,2000-02-21,$2857.83,2003-10-10,false
Morty,Danzig,2000-02-15,$2941.07,2010-01-02,true
Calypso,Dillamore,2000-02-26,$688.97,2002-10-13,false
Amara,Pitford,2001-10-22,$2842.18,2011-05-23,true
Layton,Steffens,2001-11-14,$515.75,2019-09-26,false
Jenn,McIlhagga,2002-03-11,$1882.15,2009-03-15,false
Farlie,Andriessen,2001-11-08,$3632.36,2011-04-29,true
Devland,Coltman,1998-10-01,$2636.20,2022-05-07,true
Natalina,Ducker,1999-05-15,$3864.36,2010-04-04,false
Bat,Banaszewski,2001-06-03,$2532.61,2003-10-20,true
Kelsi,Proughten,1999-07-05,$1792.31,2015-02-18,true
Elysee,Slateford,2000-04-08,$1773.58,2016-04-24,false
Devan,Janak,2001-05-17,$1196.63,2008-06-10,false
Blaire,Brenton,1999-06-21,$1659.29,2018-04-29,false
Giffie,Holbury,1999-09-04,$2737.90,2021-09-21,false
Jammie,Mumby,1999-07-28,$2444.94,2012-04-05,true
Robby,Greasty,2000-01-18,$1383.28,2022-09-25,false
Hammad,Stiggers,1999-02-01,$2099.57,2009-04-28,true
Virgie,Smy,1998-08-28,$2455.94,2014-08-21,true
Trish,Radband,2000-03-08,$1791.09,2012-07-18,false
Helge,Muress,2001-02-03,$2894.83,2002-12-31,false
Jdavie,Olney,1998-04-19,$1102.83,2005-09-10,false
Huntley,Brimman,1998-12-26,$2315.00,2011-04-23,true
Jacynth,Brunone,2000-02-05,$1894.36,2010-08-30,false
Dianemarie,Duigenan,1999-06-10,$1153.67,2010-12-02,false
Jerri,Mewhirter,1998-07-27,$2789.85,2014-07-27,false
Hattie,Preddle,1998-06-10,$3894.02,2003-11-23,true
Nyssa,Seller,1998-06-05,$1260.40,2012-03-01,true
Alyss,Ebbage,1998-11-10,$2797.80,2014-10-31,false
Luce,Arnowitz,1998-07-02,$3833.28,2013-11-26,true
Derry,Klimontovich,1999-03-26,$2787.82,2011-03-07,false
Cam,Soane,2001-12-05,$904.95,2017-09-22,false
Guenna,Allner,1998-06-25,$3344.44,2016-02-03,true
Rachele,Kuhlen,1998-04-21,$3770.81,2018-01-21,true
Putnam,Eyckelbeck,1999-03-16,$1790.68,2012-06-11,false
Kassia,Vernon,2000-05-20,$2652.25,2006-10-13,false
Hetti,Huckin,1998-10-26,$1107.50,2015-03-10,true
Jehu,Bollon,2000-02-02,$3539.54,2014-04-12,false
Berry,Espinal,2000-07-04,$1914.58,2020-04-04,true
Phyllida,Polkinhorn,1999-12-08,$3937.55,2014-12-21,false
Desiri,Haynesford,1999-08-07,$2763.20,2009-06-30,true
Leoline,Lind,1998-05-13,$1961.57,2009-11-17,true
Clarence,de Verson,2000-09-10,$3653.23,2004-11-02,true
Mindy,Kauscher,1998-05-02,$2315.06,2005-07-16,false
Kari,Lapping,1998-12-19,$2175.01,2008-06-18,false
Drugi,Caret,2001-09-13,$1484.19,2010-10-24,true
Vail,Clayson,1998-11-14,$675.88,2005-03-27,true
Lidia,Picford,2000-04-24,$2732.46,2008-08-05,false
Cesya,Tours,2000-08-26,$2952.19,2004-01-15,false
Blaine,Blackett,2000-07-28,$2534.76,2014-07-02,false
Amandi,Kibby,1998-08-01,$3618.43,2022-07-18,true
Heall,Leipnik,2000-05-11,$3058.55,2013-07-15,false
Mel,Angrick,2001-09-08,$2523.64,2008-09-12,true
Lynnet,Ivery,1998-05-04,$1679.53,2019-05-23,false
Feliza,Byars,2001-03-10,$3888.40,2005-04-11,true
Stefan,Tewkesberry,2001-01-27,$3794.58,2020-04-29,false
Marley,Creegan,1998-07-05,$2337.42,2019-10-25,true
Nerissa,Lanceley,1999-02-19,$674.04,2008-08-14,false
Trixy,McPharlain,1998-06-07,$654.05,2005-04-06,false
Kristoffer,Buswell,2000-02-24,$3422.01,2007-06-22,false
Janessa,McKellar,2001-08-22,$2457.60,2021-08-09,false
Klarrisa,Cryer,1999-10-23,$2970.06,2004-03-23,false
Fields,Cawtheray,1998-11-04,$2171.91,2013-08-09,true
Felike,Powley,1999-11-02,$2094.48,2012-01-23,false
Jacynth,Gunter,2001-10-11,$3022.71,2022-06-30,false
Eustace,Bannell,2000-03-10,$1177.37,2011-10-30,true
Leigh,Colliford,1999-05-10,$2583.07,2020-03-27,false
Netti,Oxborrow,2000-09-12,$1325.90,2017-01-26,false
Dael,Filon,1999-02-05,$3445.93,2012-02-14,true
Cynthie,Monnoyer,1999-04-01,$2322.13,2011-07-15,true
Adriaens,Sidwick,1998-11-08,$2626.91,2011-05-01,false
Idette,Martinek,2000-11-25,$2250.78,2010-11-02,false
Caren,Lannon,2001-08-01,$2916.05,2008-07-02,false
Tomkin,Beade,1998-08-18,$2521.40,2011-02-20,true
Raf,Giacomuzzo,1999-08-16,$1672.94,2013-11-02,true
Aloise,Lamont,2001-01-19,$2389.62,2014-03-22,true
Vickie,Kneeshaw,1999-09-25,$3708.51,2020-09-18,true
Noby,Aldersley,2000-05-25,$3369.30,2017-05-30,false
Amalia,Knighton,2001-09-21,$2116.39,2016-06-20,false
Sawyer,Pottinger,2000-07-06,$783.08,2007-06-05,false
Hardy,Biaggioni,2001-11-16,$2674.58,2015-11-06,true
Phillie,Turnbull,1999-10-25,$1941.00,2020-09-12,false
Cobby,Oddie,2000-11-28,$1694.30,2019-06-02,false
Nissie,Yole,2001-01-04,$3521.39,2011-10-13,false
Hilarius,Lissett,2001-01-10,$2681.54,2022-03-09,false
Perren,Cloughton,1998-03-16,$1261.33,2002-08-27,false
Bertrand,Daveridge,1999-12-01,$1396.12,2009-01-24,true
Mikaela,MacCauley,1998-07-08,$2967.63,2008-10-09,false
Beryle,Crippes,2002-02-14,$2637.51,2018-08-18,false
Brynn,Bernlin,1999-06-18,$3869.80,2011-01-18,false
Colette,Rediers,2001-08-06,$2123.03,2016-03-29,false
Darrick,Willman,1999-05-21,$641.67,2022-08-05,false
Lucias,Bordis,1998-09-29,$3552.56,2014-05-14,false
Jeddy,Napton,1998-12-21,$1036.17,2002-12-25,false
Sherman,Denkin,1999-11-22,$1347.95,2014-06-21,true
Barbie,Yarker,2001-09-14,$1749.08,2002-11-08,true
Keith,Lescop,2000-05-24,$1585.39,2014-07-22,true
Wendeline,Norridge,2000-12-29,$1305.40,2003-10-14,true
Edouard,Riveles,1998-04-19,$1927.75,2002-11-25,false
Emlynn,Dormon,2000-04-18,$1596.61,2010-01-29,false
Derick,Allchorne,2000-08-01,$1925.54,2013-08-09,false
Kelly,McGaffey,1998-08-28,$2274.83,2012-04-03,false
Doloritas,Fearnill,1998-12-21,$664.46,2004-07-22,true
Austen,Pover,2000-03-25,$3849.00,2007-12-30,false
Pyotr,Asey,2000-03-07,$1572.71,2022-04-28,true
Trudy,Ferroni,1999-07-05,$2976.12,2007-09-28,false
Gerrie,Esherwood,1998-05-12,$1427.26,2017-02-04,false
Clevie,Seyfart,2001-12-06,$2834.77,2012-11-08,false
Misha,Blissitt,2001-02-26,$3580.45,2013-09-16,true
Karyn,Rabley,2000-08-16,$2681.94,2003-02-18,false
Liesa,Kippling,1999-10-10,$3606.87,2019-03-29,true
Letty,Reynoollds,2000-07-02,$1520.02,2017-03-19,false
Verna,Shorten,2001-05-02,$1510.43,2003-05-24,true
Tilly,Christofol,2001-07-09,$3238.86,2020-09-12,false
Trista,Erridge,1998-06-02,$2033.76,2002-07-01,true
Etan,Antonchik,2000-12-10,$2565.38,2013-09-27,true
Clarabelle,Donaghie,1999-09-13,$1848.09,2002-07-01,true
Lodovico,Nickerson,1998-09-21,$3265.69,2007-10-15,true
Selig,Mangeney,2000-02-16,$1105.83,2006-10-13,true
Rhodia,Reiner,2000-01-08,$1034.09,2015-03-17,true
Thorstein,Kellaway,2001-02-16,$3237.67,2006-06-11,false
Colan,Tewkesbury,2002-01-02,$2226.82,2003-06-02,true
Lia,Sansome,2002-01-08,$3190.36,2013-10-12,false
Cris,Hulk,2000-12-06,$1866.59,2012-12-29,true
Gunther,Hush,1998-12-18,$3299.31,2020-03-14,true
Griselda,Cullotey,1998-12-17,$3578.90,2007-01-19,true
Christalle,Waskett,1998-04-17,$1788.66,2016-08-25,false
Kenyon,Jacomb,1998-04-15,$2450.82,2012-06-09,false
Lindy,Vevers,1999-04-11,$1477.70,2014-09-27,false
Liza,Satterthwaite,1998-07-12,$3588.26,2010-02-10,true
Marney,Insull,1999-06-29,$908.64,2003-12-23,false
Arman,MacRedmond,2001-04-10,$2193.89,2007-05-29,false
Garth,Francesc,2001-01-27,$928.74,2020-08-28,true
Analise,Matoshin,2002-03-07,$3253.51,2015-01-09,true
Kain,Lacroux,2002-01-04,$1972.31,2015-11-18,false
Andie,Matyja,1999-11-06,$1539.02,2004-07-02,true
Linc,Whistlecraft,2001-12-21,$2987.30,2016-12-23,true
Dannie,Canaan,1998-04-28,$1339.61,2019-10-15,false
Wilhelmine,Regorz,1999-10-28,$3529.01,2002-06-29,true
Tucky,Alpes,2000-04-12,$3003.40,2022-10-21,false
Renaud,Cattonnet,1999-09-01,$3147.97,2019-03-31,false
Gabbie,Chance,1998-06-29,$3768.50,2012-02-25,false
Parke,Wakeling,1999-03-01,$2203.13,2012-03-16,true
Fae,Kennon,1998-08-19,$3111.73,2017-11-14,true
Beilul,Lawles,2002-01-03,$2837.83,2005-01-31,true
Ned,Loidl,1999-02-15,$3399.49,2005-12-28,true
Monro,McVeigh,2001-12-16,$2636.38,2012-05-26,false
Joe,Rabidge,2000-03-20,$3570.56,2020-11-03,false
Darla,McKeowon,2001-03-04,$3461.55,2003-05-10,false
Heddie,Stockoe,2000-12-10,$1410.35,2011-02-20,false
Emmit,Killshaw,2000-08-13,$3132.59,2008-08-02,false
Lura,Piller,2000-08-15,$3617.17,2014-10-24,true
Kore,Toffoletto,2001-12-09,$1067.50,2006-07-09,false
Francesca,Keesman,2000-04-06,$1129.03,2011-02-13,true
Eduardo,Cuer,1999-08-28,$1105.11,2020-08-22,false
Madlen,Greet,1998-03-21,$3511.16,2020-09-21,false
Clim,Puckinghorne,1999-07-03,$2983.38,2015-04-14,false
Roberto,Timlett,2000-08-08,$1473.78,2011-04-01,false
Christoffer,Alcido,2001-05-07,$3501.47,2003-02-27,true
Judye,Bugbird,2001-10-01,$956.64,2015-10-03,false
Nelia,Pellamonuten,1999-07-14,$2401.95,2003-01-26,true
Thekla,Kynder,2001-12-02,$3808.20,2004-07-10,false
Chantalle,Isitt,1998-12-08,$1254.44,2009-06-25,true
Gino,Aikman,2000-08-31,$3244.92,2008-07-08,true
Yolanthe,Quantrill,2000-03-12,$3002.22,2010-05-28,false
Mathew,Duddridge,2000-03-31,$1993.81,2003-01-24,true
Gregorio,Garthland,2000-05-26,$3303.75,2022-08-04,false
Shane,Crippill,2001-08-24,$1494.54,2008-08-11,true
Pamelina,Rain,2001-08-18,$1810.44,2017-11-17,true
Lillis,Brower,2000-12-26,$3720.93,2005-08-10,true
Florentia,Aronin,2000-08-16,$3881.22,2007-05-23,true
Valencia,Crisford,2000-01-02,$2788.65,2021-11-29,true
Giselle,McGeraghty,1998-09-13,$2587.80,2019-04-10,true
Roseann,Antoniutti,1999-03-28,$812.90,2017-04-12,false
Madelene,Jancso,2001-06-24,$2809.23,2021-02-19,false
Ase,MacAvaddy,2000-10-10,$2970.61,2011-03-28,false
Elyn,Buttery,2001-03-06,$1458.73,2007-04-21,false
Lucia,Haglinton,1999-09-17,$1908.26,2015-04-22,false
Seka,Fattore,2000-05-30,$3733.10,2011-10-14,false
Krisha,Kingsford,1999-05-24,$2911.75,2010-10-09,true
Munmro,Dyet,2001-07-13,$2002.48,2012-04-08,true
Brockie,Iacovone,1999-12-31,$1880.87,2019-03-27,true
Briney,Kehir,2001-01-01,$1433.65,2007-03-30,true
Simeon,Stothert,2001-10-24,$3585.06,2003-07-29,true
Dicky,Fullom,1999-08-26,$790.44,2011-10-28,true
Duff,Surgenor,1998-05-24,$1852.24,2017-09-06,false
Neils,Shellum,2000-09-06,$3316.47,2019-06-02,true
Maisey,Millard,1998-11-27,$3777.72,2016-02-11,false
Michaella,Laverick,1998-05-19,$1061.91,2022-02-20,true
Stevy,Pedycan,1999-12-17,$1156.86,2020-08-04,false
Rycca,Bazoge,1999-03-26,$2861.57,2002-06-15,false
Miguel,Ordemann,2000-02-28,$3098.51,2017-02-05,true
Danny,Brogioni,1999-03-24,$3011.37,2013-10-13,false
Clayton,Doy,2001-04-08,$655.84,2014-07-07,true
Yolanda,Sturm,2001-10-03,$2600.07,2008-03-02,false
Englebert,Welbeck,2001-08-08,$1985.58,2010-06-28,true
Mersey,Marre,1999-07-10,$759.13,2006-08-20,false
Webster,Skeldon,1998-04-28,$2301.97,2012-07-24,false
Reeta,Ackland,2000-07-28,$771.17,2022-04-09,false
Luce,Flatt,2000-10-27,$3237.03,2006-09-22,true
Babita,Byforth,1998-04-17,$1834.45,2008-11-04,false
Farra,Brewitt,2000-02-10,$1932.10,2002-03-21,false
Cheri,Kleinstern,2000-05-05,$2252.99,2003-08-31,false
Rachele,Vallerine,2000-07-30,$1272.56,2018-05-15,true
Constantin,Sighart,2000-07-19,$3549.06,2004-04-14,false
Raddy,Trusler,2001-05-17,$2275.85,2012-12-28,true
Earle,Sherer,2000-05-27,$2891.12,2022-03-18,true
Jeanne,Lillico,2001-10-18,$3449.78,2015-01-09,false
Dulcie,Clipston,2000-09-04,$3668.81,2006-06-04,true
Norma,Snepp,2001-10-08,$2502.20,2011-01-26,true
Greg,Carleton,2001-02-04,$562.14,2019-07-09,false
Leda,Treweek,1998-08-14,$549.89,2022-05-04,false
Layla,Sinton,1998-11-07,$1975.21,2009-03-12,false
Ave,Mattei,2001-04-26,$3967.80,2023-01-08,false
Renato,Fleg,1999-10-18,$3494.67,2010-04-25,true
Durant,O'Brallaghan,2001-05-20,$2970.40,2010-01-12,true
Wheeler,Cumine,1999-03-02,$1069.79,2003-12-18,true
Coraline,Bienvenu,1999-01-03,$635.61,2012-07-29,false
Abbott,Mathiot,2001-02-02,$3957.35,2012-03-02,false
Bucky,Gunby,1998-09-13,$609.71,2007-07-30,false
Pennie,Bollini,1999-01-19,$1477.69,2011-04-22,false
Chrissie,Wickendon,1999-04-23,$3004.15,2005-05-29,true
Arlyn,Bugs,2002-01-23,$1148.83,2022-10-25,true
Stesha,Cowderay,2001-07-04,$879.80,2003-04-17,false
George,Fairham,1999-07-07,$3978.84,2023-01-14,true
Elianore,Castard,1999-07-11,$2502.66,2002-11-23,false
Haze,Ludmann,2001-08-31,$1068.44,2007-12-13,false
Maximilianus,Glashby,2001-11-13,$3135.57,2021-12-03,true
Bowie,Sperry,2001-04-17,$3913.16,2007-04-29,true
Ethyl,Baber,2000-10-20,$2663.59,2010-01-25,false
Justus,Ganford,2000-11-22,$3096.37,2016-11-13,false
Warden,Barden,2000-11-29,$3233.19,2002-09-09,false
Julie,Axe,2000-09-16,$943.76,2009-12-07,false
Cordell,Boland,1998-10-18,$1443.85,2003-03-27,false
Daven,Beacon,2001-03-03,$1033.10,2009-04-06,true
Almire,Scanterbury,2001-04-23,$2805.53,2010-08-06,false
Giacomo,Taffee,1999-01-18,$1120.31,2008-10-17,false
Susy,Gheeorghie,2000-02-13,$2803.47,2014-11-22,true
Cortney,Paolicchi,2001-03-10,$547.86,2017-03-07,true
Rolland,Whittick,1998-09-10,$578.24,2016-07-24,false
Shoshana,Vasse,2001-02-24,$3612.06,2019-12-02,true
Ilka,Norwood,1999-02-14,$2704.37,2018-05-26,true
Colan,Sneyd,2000-09-25,$3826.25,2002-10-28,false
Reider,Rewcastle,1998-05-23,$2986.45,2018-02-17,true
Kasper,Shew,1999-07-30,$523.99,2019-02-12,true
Austin,Powys,1998-12-15,$2195.67,2006-03-14,false
Loraine,Neame,2000-07-24,$1840.69,2009-04-17,false
Saudra,Pauwel,2002-01-20,$624.17,2013-07-14,true
Frank,Attwill,2000-05-25,$1766.97,2022-02-11,true
Brenna,Bridgen,2000-07-02,$2086.56,2009-07-04,true
Lilia,Ussher,1999-05-21,$3874.09,2010-01-04,true
Olag,McFeate,1998-08-01,$897.96,2004-05-29,false
Jessee,Livard,2001-10-14,$3543.50,2013-04-10,false
Tuck,Pilkington,1998-03-25,$3045.04,2019-04-18,true
Una,Kopfen,2001-09-13,$3057.05,2005-07-16,false
Marj,Pilipets,1999-10-31,$1583.93,2007-04-06,true
Ardeen,Feldman,2000-05-25,$3932.37,2011-09-09,true
Nadya,Daglish,2001-09-10,$3990.87,2004-07-23,false
Kelsy,Self,1998-11-14,$1874.26,2022-01-21,true
Cole,Fall,2000-11-28,$2979.10,2002-04-25,true
Zulema,Jesper,1999-09-15,$3876.13,2005-05-15,false
Melesa,Youdell,2000-08-02,$2847.14,2018-06-22,true
Bernie,Phalip,1999-09-03,$2648.77,2016-11-28,false
Liv,Pasmore,2001-08-13,$737.34,2020-02-11,true
Malchy,Croall,2000-08-28,$2183.89,2011-09-01,true
Igor,Ladlow,1999-04-22,$753.95,2015-09-30,false
Cody,Matiasek,1999-05-02,$1867.60,2011-02-27,true
Caria,Colicot,2001-02-15,$3194.92,2022-03-02,false
Minor,Bowle,2000-02-13,$1252.32,2016-10-26,true
Hymie,Pratley,1998-12-20,$2496.42,2014-02-21,false
Lucienne,Lackham,1999-01-13,$1197.63,2008-06-05,false
Randall,Lukovic,1999-11-14,$558.10,2006-10-19,true
Cicely,Wyre,2001-07-15,$3700.64,2022-11-23,false
Emogene,Dudden,1998-04-14,$2755.11,2018-03-19,false
Hedda,Hauxby,1998-09-18,$3701.84,2018-10-30,true
Hewett,Bischof,1999-07-22,$3780.58,2017-05-05,false
Rowen,Rodger,2000-11-07,$3008.45,2010-07-07,true
Itch,May,2001-12-12,$3118.13,2018-05-07,true
Milka,Grimbaldeston,2000-07-18,$2959.58,2008-07-26,false
Cherin,Signori,1998-09-27,$3662.57,2005-12-19,false
Chalmers,Maycock,1999-09-08,$1061.08,2016-07-03,false
Isidor,Arnal,2000-01-10,$1959.52,2002-09-24,false
Jessamine,Jellman,1998-12-27,$745.31,2009-08-28,true
Jolyn,Dulake,1999-11-11,$538.97,2011-01-13,true
Ginnie,Tomaschke,2000-01-04,$2381.11,2014-09-16,false
Luisa,Sonley,2001-12-22,$3986.13,2017-07-31,false
Edan,Kimmince,1999-08-01,$1429.69,2021-10-24,false
Brandi,Tubbs,2000-01-23,$2415.34,2004-05-01,true
Daune,Stendell,2001-11-24,$2505.80,2005-03-16,true
Kirsteni,Harvett,2001-01-15,$1387.61,2008-10-04,true
Kahlil,Tunnah,2000-12-30,$2254.50,2011-03-26,false
Jamey,Backsal,1999-05-04,$2109.96,2013-09-26,true
Catharine,Kettle,2001-10-03,$502.07,2022-01-07,true
Maude,Yoskowitz,2000-01-19,$3715.82,2007-01-16,true
Leontine,Zold,1999-01-09,$3436.64,2014-01-05,false
Adair,Block,2001-12-09,$2697.16,2012-12-30,false
Zarah,Billing,2002-01-26,$2316.64,2002-07-15,false
Justine,Guilloux,1999-06-26,$849.65,2009-09-17,true
Roch,Mumby,1998-11-26,$3337.97,2020-06-29,false
Dyna,Tregea,2001-07-15,$1097.57,2007-11-10,false
Hilliard,Rosewall,1998-07-26,$3147.59,2009-02-23,true
Leandra,Choak,1999-12-11,$2709.06,2022-01-28,true
Tedmund,Casserly,2000-03-24,$2052.19,2020-10-20,true
Daile,Roseby,2000-03-23,$706.87,2010-07-30,true
Athena,Garritley,1999-07-08,$3096.32,2005-03-24,false
Sally,Hutchcraft,1999-07-08,$920.53,2012-09-13,true
Peadar,MacSkeagan,1998-08-22,$599.15,2006-05-31,true
Becka,Yesenin,1999-05-24,$2944.90,2003-01-07,true
Beryl,McKissack,2001-10-19,$1974.12,2018-10-21,true
Gav,Sink,1999-05-29,$1060.88,2009-01-06,true
Hervey,Waugh,2002-02-01,$1564.77,2002-11-13,true
Rriocard,Twiggins,1999-12-29,$2098.07,2020-02-08,true
Dwain,Beavis,2000-08-15,$693.77,2021-07-25,false
Nolie,Richarz,2001-07-29,$2808.90,2016-08-07,false
Nappie,Double,1999-11-02,$2286.98,2011-12-17,true
Becki,Crowthe,2002-01-19,$2832.26,2010-06-17,true
Derek,Atkinson,2001-08-17,$3186.71,2018-09-04,true
Nancey,Eagland,2001-10-25,$1621.94,2014-09-30,true
Barbra,Cockburn,2000-05-03,$1253.77,2016-11-18,false
Marys,Stook,2000-05-28,$1533.76,2020-07-04,false
Donni,Helix,2001-08-14,$2770.55,2012-08-21,false
Eden,Vreiberg,2000-11-02,$3834.81,2008-01-27,false
Jorie,Golthorpp,1999-01-29,$2232.90,2012-01-24,true
Wallache,Battram,1998-11-26,$3535.35,2009-11-14,false
Chelsae,Simonds,2001-03-15,$2303.21,2021-03-26,false
Madelina,Rediers,2000-10-12,$3404.03,2021-07-06,true
Nanette,Derell,2001-05-11,$559.74,2022-07-15,false
Olympia,Boor,1998-05-18,$2852.80,2016-03-05,false
Rosaleen,Rowson,1999-03-06,$2483.64,2004-12-15,true
Orelia,McNulty,1998-09-05,$1961.12,2007-03-02,true
Moyra,Goward,1999-10-06,$982.13,2012-01-12,true
Britt,Inseal,2001-04-18,$579.55,2022-11-21,false
Kent,De Mattei,2001-09-10,$3275.69,2007-02-16,false
Elberta,Denton,2001-11-12,$1176.64,2002-10-18,false
Waldemar,Learoyde,1999-06-16,$1126.55,2021-01-19,false
Meris,Vowden,1999-10-20,$1279.46,2018-08-24,true
Arny,Dillestone,1999-05-20,$3509.58,2006-08-14,true
Lanna,Common,2000-09-25,$1329.85,2020-08-26,false
Sylas,Summerell,2000-04-16,$1719.35,2010-02-14,true
Darelle,Engledow,1998-05-08,$1033.38,2007-09-10,false
Tani,Goldstraw,2001-12-24,$2450.10,2014-02-06,false
Ashlin,Douty,2001-05-19,$3017.51,2014-05-11,true
Ellswerth,Marco,2001-01-10,$3411.74,2015-12-09,true
Lia,Carslake,1999-06-19,$3672.66,2020-08-08,true
Nancy,Brodeau,1999-05-01,$3698.27,2022-09-10,false
Lyle,di Rocca,1998-07-24,$1047.86,2016-06-01,false
Erick,Mayou,1998-08-24,$3744.29,2014-10-19,false
Rawley,Monkhouse,1999-02-12,$2484.51,2017-07-28,true
Ken,Bramer,2000-03-02,$2203.60,2010-07-28,false
Ari,Lamborne,2000-01-25,$3387.21,2007-01-27,false
Ferdinand,Bumpass,2000-07-22,$3491.49,2003-01-27,true
Brooke,O'Haire,1999-09-13,$3462.65,2012-12-25,false
Saundra,Colliss,2001-04-06,$2304.19,2020-10-27,false
Martguerita,Derisley,2000-11-12,$2265.98,2020-09-16,true
Lindie,Selborne,2000-07-18,$2998.03,2013-08-03,true
Sarene,Hearnes,1998-05-07,$2760.83,2020-07-02,false
Elwira,Simester,1998-05-26,$1808.34,2003-11-03,true
Brock,Lambertazzi,2000-10-24,$2583.80,2008-02-29,false
Robyn,Allport,2002-01-23,$3830.36,2011-07-24,true
Geoff,Aldine,2001-07-16,$1384.14,2019-08-28,true
Stormy,Neighbour,1999-09-10,$3108.51,2008-04-18,false
Philippine,Petrescu,2001-12-08,$1151.97,2003-09-27,false
Vincent,Gripton,1998-12-01,$1256.31,2009-05-08,false
Filippa,Pescott,1999-10-22,$1051.14,2021-08-12,true
Ahmad,Dace,1999-11-16,$814.42,2008-04-30,true
Anabella,Gariff,2001-05-11,$2884.65,2022-02-05,false
Cortney,Pillans,1998-08-10,$2099.69,2015-03-09,false
Guendolen,Utterson,2000-04-03,$2552.87,2002-11-16,true
Lucias,Challace,2000-08-05,$1221.80,2002-12-28,false
Junie,Demcak,2001-01-10,$1510.18,2017-06-02,false
Drusi,Pimblett,1998-06-10,$1751.84,2021-02-25,true
Justine,Hegg,1999-02-06,$3600.06,2004-07-23,true
Jolie,Van Dalen,2001-08-19,$2222.57,2017-12-21,false
Jamie,Augur,2001-11-24,$1520.18,2011-12-25,true
Rurik,Russe,2000-11-05,$3474.24,2010-05-04,true
Alethea,Fairlam,1999-09-01,$2885.31,2012-01-13,false
Essa,Gleder,2001-10-09,$2408.16,2016-02-22,true
Maggie,Picot,2000-10-23,$1474.45,2012-12-23,false
Viva,Seccombe,2001-04-30,$3784.35,2014-08-02,true
Hurleigh,Goodinson,1998-10-26,$1997.05,2015-07-30,false
Robb,Joanic,1999-06-22,$2530.31,2020-12-12,true
Deane,Nisbet,1999-09-08,$3860.82,2003-03-01,false
Margalit,Guard,2001-02-01,$1626.64,2014-11-19,false
Oby,O'Bradden,2001-09-15,$3959.87,2010-11-01,true
Irene,Romand,2001-03-02,$3331.35,2008-10-12,false
Kai,Baddow,2000-06-02,$2222.91,2021-03-22,false
Duff,Garfath,1998-08-21,$1344.18,2012-10-24,false
Chuck,Fucher,1999-05-17,$1037.82,2017-10-15,true
Nicolas,Blunsen,1998-03-15,$662.81,2010-01-25,false
Riane,Spincks,2000-09-29,$3534.39,2012-05-12,true
Hermia,Shorey,2000-08-17,$3366.33,2005-02-11,false
Averell,Isac,1998-05-20,$1108.65,2014-01-23,true
Tremain,Iiannone,2000-02-15,$1089.67,2010-02-04,false
Esther,Bowhey,2001-06-22,$733.61,2003-08-28,false
Dianne,Donan,2001-10-15,$801.13,2002-05-29,true
Giovanni,Paoli,1998-10-28,$2547.70,2014-06-07,true
Tamara,Blind,1998-07-10,$1897.08,2016-11-06,true
Claus,Spinello,2001-08-05,$3937.68,2009-01-17,false
Marji,Conti,2000-02-29,$645.74,2015-02-15,true
Fayette,Tellett,2001-01-22,$3422.16,2004-03-13,false
Hayden,Cluney,1999-07-16,$2722.44,2015-05-30,false
Heidie,Toffolo,1999-12-19,$3766.89,2015-06-10,false
Veronika,Dominico,2001-04-07,$2087.92,2009-05-17,false
Cyndia,Mougin,2001-06-12,$3854.23,2010-06-24,true
Davidde,Sleigh,2001-05-04,$1986.30,2005-10-20,false
Nikolas,Couzens,2001-09-28,$1610.69,2010-05-03,false
Randie,Cameron,2001-01-18,$1740.36,2019-02-25,true
Stefa,Schneider,1998-12-17,$1520.04,2017-08-21,false
Cherlyn,Hele,1998-06-27,$2612.96,2017-02-18,false
Brook,Pullman,1998-10-31,$1226.85,2018-04-05,false
Lennard,Ilewicz,1999-07-06,$736.27,2017-07-24,true
Vyky,Tilbey,2001-06-27,$1731.88,2017-06-09,true
Brigida,Grigoire,1998-09-29,$2987.06,2018-11-08,true
Dougy,Aldersley,2001-09-12,$680.00,2008-06-10,false
Kassie,Devonald,1999-06-17,$1557.68,2012-06-13,false
Gabriel,Merrilees,1998-03-28,$2839.28,2003-01-29,false
Ninnette,Neagle,1999-12-05,$624.37,2016-12-22,true
Inger,Woodstock,1999-09-13,$2687.80,2007-04-05,false
Candie,Phoenix,1998-05-09,$1835.54,2014-04-03,false
Meade,Hounsham,1999-09-19,$802.51,2020-09-11,false
Floyd,MacPhaden,2001-09-12,$3145.02,2009-03-23,true
Stephine,Greeson,1999-03-03,$787.98,2014-01-06,true
Pryce,Pol,1999-01-06,$2037.20,2015-06-02,false
Karina,MacCauley,1998-04-24,$2010.26,2019-04-13,false
Arnaldo,Ashbrook,2001-12-04,$1429.83,2020-06-27,false
Tanner,Folbige,1999-04-14,$1068.37,2010-08-06,true
Marleah,Titcomb,2000-09-17,$717.48,2019-10-17,false
Nollie,Raoux,1998-06-25,$3093.27,2020-06-03,true
Nikoletta,Creamer,1998-04-20,$3937.59,2009-11-10,true
Kamila,Hanham,2000-11-29,$1578.66,2011-09-28,true
Lurleen,Doble,2000-02-13,$2809.72,2014-10-31,false
Oralie,Brahm,2001-11-26,$3034.84,2004-01-06,false
Marji,Dimelow,2001-07-18,$2307.41,2003-05-26,false
Marjorie,Figg,1998-06-11,$3751.40,2021-01-16,false
Gardy,Banger,2001-12-13,$608.42,2019-03-08,true
Wallas,Bockmaster,1998-12-29,$3809.78,2006-11-16,false
Dicky,Sturdgess,1998-12-19,$606.35,2022-01-21,true
Eugenie,Cofax,2002-02-05,$2010.89,2005-11-19,false
Fancie,Lewing,2000-05-16,$3167.63,2015-08-20,false
Brady,Clough,2001-01-31,$2667.26,2010-12-27,true
Maura,MacGuiness,2000-05-03,$3843.66,2017-10-08,false
Franky,Kerwood,1999-02-13,$3462.14,2017-02-20,true
Shane,Benwell,1999-12-30,$1844.95,2010-12-02,false
Eulalie,Van Driel,1998-06-29,$3122.19,2009-02-03,false
Daisi,Hendren,2001-11-07,$3482.41,2022-10-01,true
Beryle,Kochel,1999-01-07,$3730.46,2018-04-10,true
Rozelle,Gillam,1998-10-18,$3936.57,2014-01-03,true
Selig,Penn,1998-09-04,$780.23,2016-03-05,false
Keir,Pardy,2000-12-07,$1260.79,2010-11-17,false
Faber,Whifen,2001-07-21,$982.46,2012-04-26,false
Pauletta,Seamons,2001-04-23,$1098.89,2021-09-22,true
Peadar,Edlington,2000-10-03,$3635.21,2022-05-02,false
Ginger,Tottie,1999-05-27,$577.97,2008-05-19,true
Bili,Kimblin,1998-07-28,$751.18,2021-11-29,false
Esteban,Le Provost,1998-11-12,$1582.13,2014-09-28,false
Cleveland,Latour,2001-11-13,$3021.66,2014-12-29,true
Timothea,Biskupiak,2000-01-12,$2928.54,2006-03-23,false
Carolee,Maddison,1999-11-09,$716.43,2013-06-06,true
Doralia,Barnbrook,2001-12-29,$3196.03,2012-09-01,false
Chen,McEnteggart,2000-07-29,$2432.28,2020-05-26,true
Natty,Jurczik,2001-06-23,$614.86,2003-03-22,true
Harper,Gazey,2000-09-15,$623.42,2008-07-02,true
Rheba,Tampling,1999-05-12,$2718.18,2018-09-22,false
Bert,Maycock,1999-06-18,$1648.65,2005-12-25,false
Jarad,Giraldon,1998-07-18,$1550.14,2005-09-20,true
Camala,Markwick,2000-06-08,$936.93,2017-04-27,false
Peg,Euston,2001-02-14,$3707.46,2011-12-03,false
Lindon,Noury,2001-11-03,$3796.61,2003-12-12,true
Ronda,Smallshaw,2001-08-07,$3783.14,2009-09-07,true
Bernadene,Markos,2001-10-08,$3897.51,2016-08-27,true
Giralda,Hannen,1998-09-10,$3639.39,2019-02-09,true
Marve,Tickel,2001-07-03,$1043.44,2006-11-04,true
Westbrooke,Michal,1999-07-07,$739.23,2013-07-06,true
Dagny,Placido,1999-11-01,$2523.37,2019-09-08,false
Elna,Dauncey,1999-12-07,$2255.81,2020-01-17,false
Fredia,MacGillacolm,2001-06-15,$2304.07,2002-03-23,true
Elspeth,Brocklehurst,2001-01-23,$1258.01,2009-02-27,false
Sharlene,Gooddie,2000-01-10,$2776.78,2003-04-22,false
Moria,Edgworth,1998-12-08,$3068.69,2022-10-10,true
Keary,Archbutt,2001-12-15,$1050.96,2021-11-08,false
Berri,Kunrad,1998-09-21,$1544.14,2007-08-20,false
Pris,Gobert,2001-02-24,$1017.01,2006-02-08,false
Baird,Blanchet,1998-04-25,$1488.08,2016-03-08,true
Lesli,Gillbe,2002-01-01,$1878.51,2008-02-17,true
Buffy,Boerderman,2000-01-25,$1083.85,2004-04-18,false
Frederico,Olekhov,1999-11-27,$2825.83,2018-12-18,true
Franchot,Massie,1998-12-24,$3382.86,2008-09-20,true
Bernie,Amaya,2000-03-10,$2278.68,2020-12-05,false
Richardo,Rose,2001-10-03,$3806.43,2009-11-06,false
Elicia,Eberts,1998-12-08,$1112.11,2016-10-29,false
Abba,Medley,2001-10-28,$3815.50,2021-08-20,true
Marcelline,Lemarie,1998-09-11,$3188.05,2022-04-04,false
Bondy,Busse,2001-06-09,$2326.07,2011-01-01,true
Heddie,Hull,1999-05-28,$1157.86,2009-10-12,true
Sosanna,Rosle,1999-11-11,$3382.64,2006-06-09,false
Walton,Debill,2001-06-06,$3837.97,2007-07-10,false
Daren,Tooke,2000-07-18,$3569.66,2016-12-29,false
Elysee,Wilshire,2001-03-16,$3375.15,2009-06-22,false
Arleen,Cubbit,1999-10-27,$2663.95,2015-10-12,false
Abeu,Batte,2002-02-06,$3931.54,2016-07-29,false
Riccardo,Brauns,1999-03-30,$1485.28,2007-07-08,true
Emmalynne,Gritskov,2000-11-21,$2226.24,2004-05-07,true
Wakefield,Bisp,1999-01-24,$3825.22,2010-02-18,true
Pepito,Fargie,1998-09-08,$1462.74,2018-12-09,false
Tabby,Cartwright,2000-02-17,$3884.29,2012-04-01,false
Yoshi,Aimer,2000-09-23,$1452.93,2010-08-19,true
Patsy,Grimbleby,1998-11-30,$3498.75,2008-09-02,false
Marys,Calender,1998-10-10,$2643.89,2019-12-21,true
Lainey,Minshull,2002-01-12,$1467.09,2006-10-07,true
Felipe,Teall,2001-05-04,$3946.54,2019-08-03,false
Kristina,Morrieson,2000-06-07,$648.83,2016-11-19,false
Fanny,Arends,2000-12-07,$1942.41,2012-02-08,true
Carolyn,Koeppke,2001-06-24,$2606.49,2009-01-21,true
Ange,Chesterfield,1999-07-07,$678.43,2015-07-15,true
Consuela,Penburton,2001-01-29,$1696.96,2011-05-11,false
Thurstan,Laurentino,2000-01-26,$3823.69,2005-12-02,true
Ardyce,Lusher,2000-01-05,$1733.32,2021-03-02,false
Myrtle,Egel,1999-10-20,$1824.61,2006-08-08,false
Tarrance,Heed,1999-08-20,$3336.05,2022-04-28,true
Falito,Brettle,2000-09-15,$2942.39,2006-08-11,true
Guenna,Reoch,2000-08-15,$3311.98,2021-02-07,false
Caryn,Thonger,1998-05-08,$1056.17,2017-08-30,true
Kaylyn,Ledner,1999-12-16,$1966.36,2005-07-07,true
Bax,Boddis,2000-03-17,$2102.70,2016-10-15,false
Harwell,Consadine,1998-05-01,$1486.21,2010-01-16,true
Ugo,Dedden,2001-04-08,$3704.72,2022-07-24,false
Ophelie,Corley,2001-06-24,$1242.82,2018-12-05,true
Joanne,Smedmoor,2001-03-08,$2785.50,2003-03-03,false
Pedro,Di Biagi,2001-01-05,$3384.53,2002-11-12,true
Lombard,Samwayes,1998-09-11,$3539.53,2011-02-14,false
Sela,Maddrah,2001-10-31,$3744.17,2007-04-11,true
Orella,Bellenie,2001-04-16,$1260.43,2003-02-03,false
Teresita,Sixsmith,2000-10-20,$974.60,2021-09-11,false
Hadrian,Guilford,1999-01-31,$1175.34,2004-09-22,false
Reggy,Frake,1999-07-28,$2034.58,2006-11-19,true
Lev,Carslaw,2000-05-18,$824.13,2007-02-07,true
Thomasin,Paoloni,1999-09-20,$3173.71,2015-01-10,false
Adrien,Hanaford,2002-01-31,$1646.52,2017-05-28,true
Nikki,McCrorie,1998-08-19,$625.71,2003-02-23,true
Trumaine,Caulliere,1999-09-26,$3832.98,2016-01-29,false
Herby,Poel,2000-01-11,$1175.36,2007-04-25,true
Will,Groucutt,2000-01-21,$1054.21,2022-01-04,true
Karee,Duddan,2000-04-27,$1092.61,2003-03-22,true
Janot,Burgum,1999-02-15,$3889.31,2016-08-19,true
Kylie,Badman,2001-12-17,$2384.30,2021-06-07,false
Guglielma,Hugues,2000-03-13,$3676.27,2022-03-22,false
Van,Khalid,1998-04-06,$1113.92,2010-06-19,false
Dag,Wellbeloved,2002-03-06,$1730.62,2005-10-09,false
Tessa,Maddra,2000-11-04,$3611.94,2008-11-13,true
Adria,Frankiewicz,2000-10-24,$2541.89,2004-05-31,false
Marta,Gouldthorp,1999-10-28,$3708.64,2020-03-04,true
Dorry,Gilardi,1998-04-14,$1061.50,2005-10-28,true
Jaquelyn,Pierrepont,1999-07-07,$2768.80,2017-04-15,false
Dianna,Pessel,1998-08-10,$2344.36,2004-03-08,false
Suellen,Wilcot,2001-07-11,$2027.55,2011-05-06,true
Hilary,Bretton,1998-11-26,$3222.96,2020-08-24,false
Wanda,Wooder,1999-07-27,$700.17,2014-06-20,true
Valenka,Duny,2000-07-13,$646.00,2018-09-17,false
Ingemar,De Lasci,1998-10-20,$3881.52,2016-06-14,true
Delphine,Spickett,2001-03-12,$1354.08,2010-08-05,false
Emily,Comley,1999-05-28,$3767.05,2005-05-04,true
Ruthann,Ielden,1999-09-04,$3603.69,2009-03-31,true
Coletta,Spottiswoode,2000-05-04,$673.55,2016-09-25,true
Abby,Pattini,1999-10-18,$3880.29,2005-03-10,true
Ranique,Rohan,2001-06-11,$2687.79,2009-05-17,true
Silvie,Le Grice,1999-01-23,$770.70,2012-05-25,false
Dwayne,Dowsett,1998-12-29,$3645.20,2018-12-29,false
Silvanus,Mellon,2001-02-09,$3774.35,2002-11-20,true
Linea,Ascraft,1998-06-15,$1964.31,2006-09-17,false
Jozef,Hofner,2000-03-30,$1553.71,2019-06-10,false
Nonie,Slot,2000-12-20,$1837.84,2020-06-14,false
My,Mattheeuw,2000-03-28,$3326.93,2009-11-05,false
Sindee,Lammerich,1998-06-19,$2439.44,2010-09-03,true
Harlin,Pitson,2001-09-07,$2910.20,2005-03-21,false
Kristen,Blasli,1998-07-17,$2657.61,2019-05-24,false
Kris,Powrie,2001-12-09,$3183.99,2008-06-18,false
Myron,Veschi,1998-03-26,$2384.94,2008-10-20,false
Ardeen,Tooting,1999-04-28,$2088.22,2022-11-26,false
Rheba,Milton-White,2000-06-02,$2058.60,2006-07-30,false
Garth,Tuson,1999-06-11,$1335.72,2018-02-23,false
Loraine,Jaffray,1998-07-04,$2502.20,2013-09-11,false
Gabe,Ebhardt,2000-10-15,$3763.60,2019-12-18,true
Shana,Semonin,1998-08-14,$3364.04,2016-09-12,true
Michaella,Blees,1998-09-02,$3823.15,2012-04-30,false
Vinny,Zecchii,1999-06-20,$1558.04,2010-06-15,false
Petronille,Maulden,1999-08-22,$1067.79,2021-06-10,true
Salmon,Creavan,2000-12-19,$2010.93,2015-08-28,true
Mellisa,Emby,2000-11-25,$1831.57,2003-12-23,false
Josefina,Croser,2000-07-24,$2930.95,2011-02-18,false
Johan,Balfour,1999-12-11,$1068.86,2019-01-20,false
Brew,Bocken,1998-08-08,$1584.80,2014-05-07,false
Cordelie,Kirsche,1999-05-23,$3352.87,2022-10-26,true
Ahmed,Aguilar,2001-09-09,$2707.32,2016-04-08,false
Sal,Vern,2000-09-03,$972.46,2007-01-12,true
Tiertza,Broadhurst,1999-01-23,$680.39,2010-06-10,true
Gates,Gummow,2001-10-02,$3580.07,2020-03-23,false
Gale,Moulsdall,2001-05-09,$3681.87,2007-12-21,true
Cello,Cavalier,2000-08-06,$610.50,2019-10-12,false
Sheela,Charle,2000-08-21,$3776.02,2006-04-23,true
Raf,Greenier,2000-11-04,$3038.30,2009-01-17,false
Glynnis,Chapiro,2001-06-10,$3991.47,2010-08-26,true
Arturo,Burtonwood,2000-05-19,$2442.15,2017-12-22,true
Patrice,Duer,2000-03-09,$2786.78,2022-02-04,false
Derril,Burnup,1998-08-06,$2562.66,2014-04-28,false
Cosimo,Leate,2001-07-20,$2549.12,2010-10-12,false
Walsh,Stivey,1999-03-11,$788.73,2009-06-29,true
Victoria,Graffin,2001-11-24,$2273.66,2009-08-23,true
Bary,Fennelly,2001-03-01,$2551.30,2016-01-06,true
Edvard,Rhubottom,2001-06-14,$1866.53,2021-02-25,false
Veriee,Lys,2001-06-23,$3996.65,2021-05-09,false
Martguerita,Tidd,2001-01-23,$3115.49,2007-12-18,false
Dorolisa,Harmond,2001-11-23,$2399.64,2008-03-06,false
Barret,Mancer,2002-02-26,$2505.57,2017-07-08,false
Jeff,Statefield,1999-03-02,$812.00,2014-09-03,false
Michel,Demoge,2001-12-01,$627.18,2004-06-19,false
Brandie,Stockow,1999-10-13,$2521.20,2009-07-04,false
Geri,Kingh,2000-12-01,$1157.76,2005-05-01,false
Val,Runacres,2000-01-19,$1315.83,2019-07-17,true
Alyse,Ehlerding,2002-02-21,$1695.17,2006-10-26,true
Desirae,O'Scannill,1999-12-01,$3613.98,2016-02-23,false
Emlyn,Birrell,1998-12-01,$1192.76,2015-07-30,false
Alexi,Durram,1999-12-31,$1594.50,2018-12-03,false
Clotilda,Taylerson,1998-12-13,$2076.17,2013-01-06,false
Marielle,Dalyiel,1999-05-31,$3579.29,2007-06-12,false
Yoshi,Borris,1999-08-26,$1247.62,2002-07-16,true
Berri,Berni,2000-12-22,$2171.79,2022-07-07,true
Audre,Foote,1998-03-31,$2915.55,2006-02-11,true
Raynor,Philipson,2001-11-14,$2533.44,2014-03-10,false
Warren,Burdess,1998-12-21,$605.33,2016-12-26,false
Kordula,Drews,1998-10-23,$1936.47,2014-12-16,false
Nata,Micklewicz,1999-12-17,$777.04,2018-06-13,false
Enrico,Alstead,2001-11-24,$3957.66,2022-07-20,true
Dirk,McKniely,1999-10-19,$3033.40,2016-04-17,false
Dani,Loukes,1999-08-28,$2926.66,2007-05-22,false
Trudy,Bennen,1999-11-14,$677.37,2009-07-14,true
Hiram,McCrostie,1998-11-19,$2975.47,2006-01-22,false
Margaret,Jurgenson,2000-01-08,$2975.77,2016-01-08,true
Clemmie,Sherr,2001-02-08,$3143.57,2016-06-25,false
Carena,Cicchetto,2001-11-13,$604.24,2015-03-20,false
Baudoin,Kubas,2000-10-04,$3720.66,2007-07-02,false
Jere,Wapples,1998-10-19,$2547.75,2018-10-29,true
Ogdan,Kennifeck,1999-07-27,$3176.18,2022-09-03,false
Kirsti,Risby,2000-07-13,$3074.72,2002-12-14,true
Marika,Tripon,2001-01-09,$1000.66,2016-10-25,true
Worden,Brownsill,1998-07-31,$2049.62,2018-02-09,true
Teddie,Vassel,2000-11-25,$1146.98,2014-04-18,false
Lorita,MacFadzean,2000-01-18,$1361.50,2012-09-10,true
Tommi,McNair,1998-05-16,$3438.51,2017-12-28,true
Arlyne,Kuscha,1998-06-13,$3713.63,2010-04-30,false
Lari,Coldrick,2001-07-23,$2117.86,2013-09-19,false
Kelley,Rosser,2000-04-01,$3030.56,2017-06-10,true
Jacinda,Stiell,2001-03-27,$1314.72,2014-02-06,false
Maris,Fowden,1998-08-08,$651.25,2008-08-03,true
Lyman,Hulstrom,1999-01-27,$3553.57,2011-03-11,false
Cornelius,Wanderschek,2001-02-08,$2901.41,2007-05-10,true
Kata,Slite,1998-06-28,$3786.92,2016-08-28,true
Theodor,McPharlain,2001-02-10,$1569.26,2003-07-19,false
Berri,Antonchik,1998-09-19,$3467.15,2016-10-20,false
Ariel,Leipold,1999-01-07,$1409.27,2002-03-30,true
Rudolph,O'Canavan,2000-12-04,$1776.12,2016-06-02,true
Lorry,Wilfing,2000-02-19,$2161.50,2013-01-14,true
Zarla,Crinage,2001-07-22,$2612.92,2012-09-07,true
Elijah,Domeny,2000-04-30,$3540.31,2023-02-08,false
Allister,Aireton,2000-06-27,$2474.33,2020-10-18,false
Shannen,Vere,1999-09-24,$907.20,2014-12-02,true
Emiline,Ceschini,2001-04-07,$2972.94,2007-03-22,true
Maurita,Briers,2001-10-12,$3003.42,2018-08-14,true
Jarrod,Wolford,1999-08-31,$1796.54,2014-03-21,false
Antin,Swiggs,2000-07-17,$1969.97,2012-09-03,false
Malissia,Hentzeler,1999-01-10,$1142.16,2011-11-02,true
Freda,Craxford,1998-08-30,$3060.92,2020-11-22,true
Germain,Iuorio,2000-10-27,$3873.31,2013-03-07,true
Linn,McCrainor,1999-11-23,$2264.09,2003-11-13,false
Emmanuel,Elleray,1998-10-26,$1845.34,2017-01-24,false
Tamma,Digg,1998-03-27,$768.42,2005-07-08,true
Aldrich,Halwill,2000-01-11,$3962.42,2016-08-22,true
Giordano,Lenz,1998-05-19,$2116.62,2020-05-20,false
Orelie,Vondrach,2000-08-01,$2875.32,2012-07-09,false
Graehme,Bitten,2001-02-16,$2799.39,2021-07-09,false
Chancey,Beswell,2001-10-14,$1797.08,2018-05-07,true
Lothario,Greathead,2002-01-17,$588.99,2021-08-09,false
Reba,Pays,2000-06-06,$2466.36,2019-04-03,false
Manon,Headan,2001-05-05,$3233.58,2017-04-30,true
Garvin,Gircke,2000-07-14,$1157.98,2017-10-28,false
Vicky,Penbarthy,2001-01-03,$662.73,2013-08-29,true
Ulises,Figure,2000-06-21,$2006.73,2011-08-17,false
Carlota,Fraczek,2000-07-06,$723.69,2014-11-26,false
Paquito,Marian,1999-04-28,$2318.28,2019-03-10,false
Morry,Nottingam,2002-02-08,$2338.34,2002-07-03,false
Aubrie,Borsay,1998-05-07,$2768.96,2009-11-29,true
Normand,Suffield,1998-10-19,$1816.22,2015-04-09,true
Nadia,Harwell,1998-06-16,$687.11,2016-09-25,true
Leland,Phillippo,2000-12-31,$934.21,2014-10-14,true
Shem,McClymont,1999-12-03,$3016.91,2010-08-07,false
Neda,Caldecott,2001-04-07,$1874.46,2010-10-10,true
Janifer,Groger,1998-12-25,$1059.25,2009-08-21,false
Abie,Neumann,2000-11-03,$3056.81,2019-12-06,false
Joshua,Barajas,2002-02-20,$2441.19,2022-09-29,false
Ofilia,Andriesse,1999-04-29,$1203.24,2008-01-14,true
Currey,Vlasyev,2000-11-21,$2382.94,2019-04-15,false
Jorey,Gemmill,1998-09-28,$2242.84,2018-01-06,true
Konstance,Dewer,2000-08-05,$1148.82,2008-02-10,true
Alwyn,Mulford,1999-09-04,$3309.49,2012-11-29,true
Andres,Ixor,1999-04-04,$3681.79,2022-10-14,false
Neils,Pimley,2002-01-09,$1373.46,2008-01-13,true
Blancha,Wiggin,2001-07-06,$3171.31,2014-11-03,false
Shermy,Setterfield,1999-04-14,$1242.88,2004-04-01,false
Teri,Croucher,2001-03-21,$2386.52,2019-08-13,true
Antone,Wreak,2001-07-24,$2506.86,2020-02-27,true
Lind,Aron,1999-02-27,$1424.36,2015-09-28,false
Laurent,de Wilde,1999-06-12,$1897.60,2005-09-30,false
Dyann,Hursey,2000-09-22,$2116.80,2011-09-05,false
Suzi,Mackieson,1998-10-07,$1498.97,2020-04-12,false
Rich,Caruth,2000-09-24,$1023.87,2016-05-25,true
Elbert,Capini,2001-01-11,$1459.54,2014-04-10,true
Ewan,Willetts,2000-01-24,$2247.48,2016-05-03,false
Jocelyn,Gradley,2001-10-06,$1007.03,2021-06-20,false
Fifi,Tomovic,2000-08-22,$2921.45,2007-12-15,false
Reid,MacComiskey,1999-05-14,$2382.25,2019-07-18,false
Susan,Smalridge,1998-07-10,$2739.50,2021-02-02,false
Norris,Zarfai,2002-02-25,$2184.93,2018-08-30,false
Maudie,Recke,1999-06-14,$3393.64,2020-06-16,true
Waite,Swinden,2001-08-13,$1673.93,2007-12-31,false
Bob,Antoniades,1999-07-26,$723.96,2012-12-13,false
Augy,Haberfield,1999-03-31,$3993.28,2003-02-06,true
Margy,Breslin,2000-11-04,$2724.50,2013-10-24,false
Selena,Challis,2000-10-02,$3003.19,2005-12-30,false
Michael,Witherden,2002-02-05,$1110.64,2008-09-27,true
Annalee,Ringham,2001-03-12,$693.40,2006-10-04,true
Felicia,Ca,1999-12-30,$2206.36,2005-12-25,true
Shirl,Clever,1999-03-10,$1509.50,2021-03-13,false
Gayler,Cheshire,1998-12-26,$1217.16,2005-03-05,true
Serene,Welds,2001-09-27,$680.08,2021-01-29,false
Ann-marie,Crock,2000-02-27,$2057.78,2015-11-19,true
Ara,Kairns,2001-07-12,$3669.82,2009-08-28,false
Noella,Vina,1998-09-28,$1630.37,2016-10-21,false
Kala,Clemon,1998-08-08,$2828.70,2013-06-22,false
Jewell,Fawke,2000-10-01,$3344.29,2005-06-23,true
Angil,McGeagh,1998-12-28,$1382.90,2006-10-06,true
Fernandina,Robbins,2000-09-04,$1903.25,2003-04-17,true
Sandy,Gonzalez,2001-07-14,$1815.58,2004-07-19,false
Lynne,Newbury,1998-07-22,$3602.64,2005-05-05,true
Brigitta,Vizard,1998-06-01,$1647.88,2009-04-24,false
Margot,Greig,2001-06-17,$2918.98,2006-02-10,true
Ruperto,Kalisz,2000-08-13,$2946.65,2008-07-28,false
Leanna,Degnen,2001-02-12,$1779.37,2011-04-26,true
Trudey,Micco,2000-11-11,$1388.66,2006-11-01,true
Alfred,Braybrooks,1998-06-20,$550.15,2013-12-08,true
Tiertza,Avrahamov,1999-09-03,$1609.39,2015-02-17,true
Filmore,O'Fihillie,2001-04-04,$1742.80,2022-12-08,true
Abagail,Pinches,1999-09-07,$1818.22,2002-07-07,false
Alard,Melmeth,2000-02-06,$3937.71,2007-09-09,true
Madalena,Headings,1999-12-04,$1477.87,2021-09-01,true
Angelina,Bax,2000-02-04,$3732.29,2008-08-03,false
Taffy,Bellam,1998-06-19,$3335.21,2017-06-17,true
Kingston,Woodcock,1999-10-27,$2100.82,2005-10-18,true
Danette,Kennicott,1999-08-16,$2304.52,2005-08-19,false
Arnie,Queripel,2001-03-03,$1282.71,2010-03-13,false
Bank,Siehard,1999-07-11,$3105.18,2015-08-01,false
Adorne,Fuggle,2001-10-25,$3230.62,2014-08-28,true
Fairleigh,Vinecombe,2001-05-16,$1874.65,2002-09-06,true
Kirby,Wybrow,2000-12-24,$620.53,2019-03-27,true
Kata,Timoney,1999-07-09,$1217.31,2004-08-02,false
Reggie,MacDaid,2000-08-29,$2688.26,2006-09-18,false
Perle,Simek,1998-09-02,$1719.87,2006-09-17,true
Jolene,Lillico,2001-06-13,$2520.95,2016-05-24,false
Dredi,Raincin,1998-07-05,$2106.96,2006-02-16,true
Erica,Larner,1998-07-29,$2679.65,2010-03-11,false
Pamelina,Kubach,2000-11-18,$2246.71,2006-03-04,true
Arlyne,Thorneloe,1999-07-09,$1740.35,2018-07-29,false
Patrice,De Mitris,2001-12-22,$3908.43,2014-06-21,true
Melessa,Ghidotti,2001-05-09,$3102.88,2007-08-08,false
Trent,Boylin,2000-07-05,$3782.28,2018-10-05,false
Raddy,Denacamp,1998-03-29,$1206.14,2012-07-10,false
Natala,Haddy,1999-03-13,$599.99,2013-06-08,true
Melisse,Durrett,2001-07-11,$2579.40,2003-11-16,false
Angel,Jeafferson,1998-05-19,$2897.69,2016-09-02,true
Norbert,Gatling,1999-02-23,$1199.15,2016-01-01,true
Ruby,Stanlock,2000-09-08,$1742.88,2011-10-20,true
Gerri,Petronis,2001-03-25,$3664.05,2006-12-09,false
Wanda,Edgehill,1998-11-19,$590.65,2006-12-20,false
Gannie,Linacre,2000-02-23,$2911.66,2006-04-23,false
Maiga,Stolze,1999-03-28,$2957.70,2005-09-26,false
Gale,Biskup,2002-01-20,$2717.00,2004-09-15,true
Penny,Warcop,2001-12-05,$1879.55,2017-01-24,true
Moishe,Grise,2001-01-21,$2607.72,2021-01-14,true
Hector,Pointon,2001-06-13,$536.49,2007-07-15,false
Georgeta,Van Ross,2001-04-11,$2141.80,2013-01-04,true
Janetta,Antram,2001-02-03,$2957.40,2016-02-18,true
Travus,Bouldstridge,2001-03-09,$1981.43,2014-10-01,false
Boyd,Sweetnam,2000-10-06,$1378.66,2011-07-07,true
Hersch,Hughlock,1998-06-17,$2858.91,2005-01-13,true
Keelia,Iorizzi,1998-12-07,$2002.22,2003-04-24,true
Elisabet,Haskett,2000-10-06,$1227.47,2017-09-29,false
Leo,Gratrex,2001-10-31,$539.75,2017-08-30,true
Ivie,Bonallack,2000-01-10,$877.78,2004-03-10,true
Tybalt,MacIlurick,1999-04-29,$1651.69,2007-09-20,true
Rachelle,Purviss,2000-08-29,$1983.71,2002-12-30,false
Iosep,Pappi,1998-08-23,$2513.25,2008-10-12,false
Martha,Iddison,2000-05-10,$1196.75,2007-08-06,false
Giustina,Tebbet,2000-03-05,$2920.28,2017-11-01,true
Annabela,Coton,2000-02-19,$2752.13,2021-03-19,false
Maximilian,Northridge,1999-03-21,$3928.07,2020-09-18,true
Owen,Duly,2001-11-28,$3249.55,2015-04-18,true
Fernando,Sillett,2000-04-07,$1054.95,2009-03-29,false
Worden,O'Fallowne,2000-02-18,$3769.84,2019-07-07,true
Fredrika,Healings,1999-04-09,$530.93,2004-07-12,false
Quinn,Harryman,1999-12-22,$1136.96,2002-07-18,false
Zorina,Whyard,1998-04-17,$2867.56,2016-08-11,true
Jeanine,De Courtney,1998-06-01,$2037.12,2015-04-22,true
Torrence,Perillio,1999-07-07,$3895.59,2018-11-24,false
Sadie,Breston,2001-01-04,$613.58,2021-08-01,false
Becky,Tomasicchio,2001-10-12,$2524.79,2005-08-06,true
